step;ros_timestamp;ft_wrench_fx;ft_wrench_fy;ft_wrench_fz;ft_wrench_tx;ft_wrench_ty;ft_wrench_tz;current_absolute_pose_x;current_absolute_pose_y;current_absolute_pose_z;current_twist_vx;current_twist_vy;current_twist_vz;current_twist_wx;current_twist_wy;current_twist_wz;action_f_x;action_f_y;action_f_z;action_t_x;action_t_y;action_t_z;reward
1;0,0386;;;0,0032681315;-0,015101117;-0,0004561314;-0,003490059;0,6175758;0,12025117;0,54480624;0,004353704;-0,003980969;-0,0077805817;0,024298064;0,0018129738;-0,0013901589;0,14905156;0,032086264;-0,09863269;-0,0063894354;-0,009848625;0,0040570274;0,0
2;0,0788;-0,0076282956;0,016745072;0,017789807;-0,028754026;-0,012543299;-0,0219085;0,6177387;0,120278455;0,54468596;0,011147323;-0,0009235157;-0,011226929;0,012043852;0,004195405;-0,00064695854;0,15777554;0,047407735;-0,09556612;-0,03122567;-0,19676869;-0,051493496;0,0
3;0,1088;-0,0062895594;-0,020607006;0,0066285515;0,04050596;-0,0072033885;-0,04522774;0,61783457;0,12028418;0,54462856;0,014960172;0,0011956985;-0,012520247;-0,0029345984;;-0,0012927324;0,1604994;0,06274329;-0,090034485;-0,042683385;-0,30994952;-0,06095702;0,0
4;0,1386;-0,013825649;-0,0024583507;;0,005192006;;-0,05242399;0,6179402;0,12032829;0,54454666;0,017781798;0,0035185856;-0,012979167;-0,021586133;-0,004682864;-0,0020410416;0,17735939;0,068855904;-0,08637285;-0,049521703;-0,45222256;-0,088603154;0,0
5;0,1686;0,0067917705;0,007585013;0,003968883;-0,012076093;0,011910115;-0,049982917;0,6181016;0,12037025;0,54440147;0,020459296;0,0055652414;-0,013242056;-0,038640335;-0,010119242;-0,0034352948;0,2306516;0,07878944;-0,081341274;-0,0674975;-0,5208927;-0,11620333;0,0
6;0,2086;0,005208216;0,0041449172;0,013085355;-0,00638115;0,008596539;;0,6183908;0,12042759;0,54420066;0,025345154;0,007800091;-0,012954159;-0,062144358;-0,017784048;-0,006848809;0,2494504;0,09803254;-0,079255044;-0,085311785;-0,68404883;-0,07520209;0,0
7;0,2386;0,00045174416;0,028462598;;-0,04187807;0,0001977525;;0,61862063;0,120447785;0,5440577;0,029025469;0,009761347;-0,012978259;-0,07821489;-0,020124061;-0,007193754;0,25032732;0,095363535;-0,062316205;-0,09194584;-0,74829876;-0,04897758;0,0
8;0,2686;0,00030912712;0,013552996;0,0062548807;-0,020551674;0,0012916968;0,03582251;0,6188665;0,12046788;0,5439564;0,03181607;0,011343631;-0,012556744;-0,090552844;-0,021741174;-0,006913758;0,24637516;0,08986081;-0,0457601;-0,10286347;-0,8250877;-0,030589964;0,0
9;0,2986;-0,01311201;;0,008486384;-0,013085104;-0,01722474;0,031509466;0,61909723;0,1205132;0,54389536;0,033871714;0,012470669;-0,011441281;-0,103392296;-0,022848828;-0,004990064;0,23706785;0,08670807;-0,044010885;-0,102680996;-0,8210735;-0,017868632;0,0
10;0,3286;-0,011085821;0,022747902;-0,0007288241;-0,037671883;-0,016175725;0,030754007;0,6193352;0,12052914;0,543835;0,03503593;0,012934652;-0,01016624;-0,114267424;-0,024868598;-0,0044232598;0,22439268;0,09290744;-0,07212524;-0,10234864;-0,7892518;-0,013298716;0,0
11;0,3686;-0,004552519;0,005065062;0,012030543;-0,004551733;-0,0030274694;0,027916076;0,61965925;0,12057698;0,54372996;0,035139803;;-0,010450901;-0,124249466;-0,025958033;-0,005229029;0,1792212;0,12218852;-0,074706905;-0,11987786;-0,8235874;0,0060911947;0,0
12;0,3986;-0,018493865;0,020360617;0,0047955965;-0,028116329;-0,029408447;0,032932557;0,61991316;0,12065382;0,5436096;0,03385528;0,015232235;-0,010867023;-0,1345306;-0,027022379;-0,001438653;0,13401581;0,15033852;-0,07106672;-0,13315587;-0,87060547;0,0073421653;0,0
13;0,4286;-0,0002777459;0,031248912;0,0073882923;-0,042351507;0,0066243494;0,028979719;0,6200821;0,120783;0,54352075;0,030789815;0,017536556;-0,011270381;-0,14765684;-0,027124599;-0,0011667149;0,049034707;0,17179248;-0,022651965;-0,12634371;-0,95766616;0,009097524;0,0
14;0,4585;0,0049385754;0,0207043;;-0,030009491;0,012869607;0,033747505;0,62023956;0,12094201;0,5434059;0,02546614;0,020221325;-0,010214106;-0,15668413;-0,026028097;-0,0018957099;0,08542451;0,1732321;-0,038369212;-0,13302979;-0,9168515;0,009075642;0,0
15;0,4886;;0,022713162;;-0,029080875;-0,027067132;;0,62037086;0,12112519;0,54330355;0,021646215;0,02282821;-0,009202539;-0,16424194;-0,025411028;-0,0005187677;0,16403085;0,1804503;-0,07771963;-0,1376187;-0,8053893;0,0072526084;0,0
16;0,5186;;0,0073347567;0,008829539;-0,005572693;0,005001949;0,03458312;0,6205181;0,12128811;0,54325414;0,02157214;0,024927361;-0,009796637;-0,17201167;-0,025695603;0,0006632007;0,16908817;0,18774939;-0,07287153;-0,1377114;-0,78291905;0,0059778723;0,0
17;0,5486;-0,03211564;0,018657878;0,006726682;-0,028401308;-0,0532184;0,03088877;0,6207282;0,12147692;0,5431301;0,02284208;0,026756156;-0,010537738;-0,17821915;-0,02600696;0,0011106384;0,16774996;0,18386315;-0,069404826;-0,14469412;-0,7568002;0,0018773305;0,0
18;0,5786;0,014814042;0,020074032;;-0,022985628;0,029970724;0,031107482;0,6208809;0,12169033;0,5430751;0,02375985;0,028461393;-0,010906068;-0,18487117;-0,026125167;0,0040557883;0,17759377;0,18173078;-0,06908622;-0,14489461;-0,76121104;0,02465161;0,0
19;0,6086;-0,016494479;0,020584736;0,0032696384;-0,028778225;;0,032562185;0,6210512;0,12190403;0,5429862;0,024556836;0,02905604;-0,0112522775;-0,19047168;-0,025758166;0,0030786737;0,16848838;0,18871869;-0,06700027;-0,14520727;-0,74357957;0,025458833;0,0
20;0,6487;0,0035592862;0,026008317;-0,006727632;-0,037627082;0,01120793;0,032753587;0,6212829;0,1222043;0,5428831;0,025282668;0,03045802;-0,011328583;-0,19590229;-0,026289944;0,006463212;0,1280316;0,21401998;-0,06865975;-0,13874239;-0,7075612;0,032651708;0,0
21;0,6785;-0,0038212943;0,026150513;-0,0066454075;-0,039092664;-0,0023570505;0,034156103;0,62144;0,12243719;0,54280007;0,024222745;0,03196928;-0,011670082;-0,1968822;-0,025003126;0,0071273;0,11935287;0,21485588;-0,07027484;-0,13879073;-0,7086247;0,021774564;0,0
22;0,7088;;0,026062662;-0,017798087;-0,033362847;0,02478404;0,034905963;0,6215737;0,12264989;0,5427095;0,022368668;;-0,012004489;-0,19663572;;0,006653254;0,13166206;0,22156629;-0,09297619;-0,14548086;-0,6188795;0,01659082;0,0
23;0,7486;;0,03907583;0,007880339;;0,009782435;0,033883434;0,6217433;0,12297528;0,5426117;0,020979881;0,034966905;-0,012887318;-0,19814059;-0,024626313;0,0069395825;0,108951904;0,28671977;-0,0915482;-0,15201001;-0,65631163;0,04936406;0,0
24;0,7886;0,018962983;0,016063487;0,0066302256;-0,023458777;0,032741707;0,03734689;0,6219071;0,123341985;0,54252106;0,019523187;0,038914252;-0,01416774;;-0,023732506;0,0060141953;0,1120168;0,28759155;-0,10293131;-0,14950417;-0,5685036;0,12466891;0,0
25;0,8185;0,005657058;0,028772857;-0,00672813;-0,037995666;0,0106795365;0,034573253;0,6220007;0,123674326;0,5424436;0,018562341;0,041441087;-0,015035257;-0,20565206;-0,024101011;0,006107119;0,14866062;0,3063791;-0,13561435;-0,14930657;-0,46611696;0,11717362;0,0
26;0,8485;0,020285059;0,0082887;-0,00072221947;-0,0070749735;;0,036809877;0,6221278;0,12397884;0,5423426;0,018924085;0,044134565;-0,01680764;-0,20714115;-0,024552526;0,008268808;0,1473015;0,33254644;-0,13395682;-0,16235147;-0,360948;0,1624794;0,0
27;0,8785;0,006591195;0,01877268;0,0028504361;-0,025802877;0,012284342;0,034929764;0,6222914;0,12429984;0,5421632;0,019680372;0,04687621;-0,018549409;-0,21183488;-0,022891529;0,00850771;0,13842225;0,33906516;-0,124987125;-0,16001049;-0,33395606;0,17424315;0,0
28;0,9086;0,0069620647;0,011205101;0,0035404372;-0,013088689;;0,039387062;0,6224176;0,12463863;0,5420557;0,020047078;0,049852084;-0,019403253;-0,2162177;-0,021260338;0,01187883;0,14209037;0,35686627;-0,10963701;-0,15981057;-0,223349;0,18720426;0,0
29;0,9386;0,1228709;0,037959978;-0,14666823;-0,072330445;;;0,6225431;0,12497844;0,54192513;0,019425614;0,05178223;-0,01958772;-0,21839315;-0,018382473;0,005475868;0,13602316;0,36542857;-0,09372177;-0,1597622;-0,14875549;0,19297554;0,0
30;0,9787;0,25994176;0,05732876;-0,43616384;-0,12541881;;0,048587486;0,6225819;0,12537883;0,54184455;0,013087084;0,050591942;-0,019386362;;-0,012107016;-0,04467387;0,1303716;0,36555722;-0,088691145;-0,14867404;-0,12540402;0,21267642;0,0
31;1,0085;0,30117375;0,05175661;-0,5853387;-0,1279658;1,0;0,05333567;0,6225228;0,12567751;0,5417755;0,0057700714;;-0,019458419;-0,21115534;-0,007811285;-0,092224754;0,14646624;0,36764044;-0,086607926;-0,13550937;-0,08087944;0,20986702;0,0
32;1,0286;0,3326153;0,047194548;-0,6328422;-0,112943366;1,0;0,052540563;0,6224741;0,12586842;0,5417218;0,00095370493;0,047000535;-0,019424636;-0,20289828;-0,005206379;-0,12457837;0,15488285;0,36742276;-0,0868256;-0,13562313;-0,058872186;0,20830293;0,0
33;1,0586;0,30081218;0,011306654;-0,6405498;-0,016857216;1,0;0,04561945;0,6223913;0,12615873;0,5416309;-0,0051858416;0,044904698;;-0,19366145;-0,006381628;-0,16716078;0,16890989;0,36598182;-0,088266544;-0,1291302;-0,046746742;0,21077512;0,0
34;1,0885;0,2213668;-0,083501086;-0,48952442;0,23381254;0,7858652;0,036176067;0,62232095;0,12646991;0,5414972;-0,0082643805;0,044745877;-0,017573489;-0,18728718;-0,015969848;-0,18380697;0,17772107;0,3612134;-0,09303499;-0,12500487;-0,03768891;0,21643627;0,0
35;1,1286;0,044736404;-0,10827784;-0,22977082;0,31851417;0,265237;0,027078407;0,6223302;0,12693721;0,54131526;-0,0061567575;0,047423746;-0,013639377;-0,18435407;;-0,16278788;0,18209635;0,36495852;-0,099093765;-0,12527962;-0,01105358;0,21265851;0,0
36;1,1686;-0,07225479;0,02094353;-0,008298904;-0,03532149;-0,100532666;0,044957362;0,62245524;0,1274638;0,5410942;0,001986274;;;-0,18235056;-0,04700919;-0,10820324;0,16474408;0,36238188;-0,10412139;-0,12988618;-0,014358869;0,23612374;0,0
37;1,2086;-0,012207704;0,04477398;;-0,0701519;0,0044569764;;0,6226201;0,1279798;0,54088837;0,00998709;0,056969777;-0,015421649;;-0,024933564;-0,05727999;0,15903346;0,36765352;-0,106202684;-0,13655947;-0,014112225;0,26691514;0,0
38;1,2386;-0,050848037;;-0,009687742;-0,017903924;-0,07375531;0,04089308;0,6227326;0,12839495;0,54081196;0,013720075;0,059273493;-0,016364664;-0,18294539;-0,016111666;-0,030888094;0,1614289;0,37522632;-0,10598284;-0,14096525;-0,013000426;0,27782243;0,0
39;1,2687;-0,024470408;0,013211722;-0,0049885986;;;;0,6228364;0,1288028;0,5407421;0,01646223;0,06141136;-0,016739601;-0,18673803;-0,01160024;-0,009956782;0,1589855;0,3815686;-0,1045425;-0,140846;-0,010376667;0,31520575;0,0
40;1,2986;-0,028835844;0,019338166;0,049922463;-0,024167133;-0,047717884;0,035111874;0,6229547;0,12921715;0,54064685;0,018794008;0,06304821;-0,017112143;-0,18992989;-0,007115138;0,005077598;0,17648251;0,3814753;-0,09973385;-0,14055721;-0,0040234006;0,32428277;0,0
41;1,3286;-0,026148543;0,01108736;-0,0023949412;-0,0063396664;-0,030887458;0,042092323;0,6231091;0,1296247;0,5405352;0,020921633;0,06425845;-0,017188948;-0,19221623;-0,0039022628;0,016065227;0,1955575;0,38748932;-0,09371982;-0,12240186;0,052257083;0,35435185;0,0
42;1,3686;0,049259994;0,023725064;-0,12622257;-0,03249174;0,18738633;0,04312496;0,62332475;0,13021569;0,5403555;0,023185173;0,06538819;-0,017038325;-0,1888302;-0,00059622846;;0,19987051;0,39252135;-0,0886878;-0,11764943;0,06694126;0,3941667;0,0
43;1,4088;0,18814626;0,048244394;-0,36675546;-0,1093307;0,6099908;0,04860559;0,62347096;0,1307338;0,54023325;0,020744242;0,063301064;-0,017413473;-0,1783421;0,005464529;-0,0031687634;0,17412464;0,39705247;-0,062097862;-0,10409419;0,07103892;0,45800227;0,0
44;1,4486;0,3110764;0,09534887;-0,6081338;-0,22709721;1,0;0,053600416;0,6234671;0,13120008;0,5401952;0,012573395;0,05935224;-0,017376158;-0,16342905;0,011188785;-0,056626473;0,1531034;0,40764478;-0,05395653;-0,10406375;0,0717087;0,48395193;0,0
45;1,4786;0,38871306;0,07757563;-0,7041124;-0,20629078;1,0;0,056936365;0,6233948;0,13151994;0,5401594;0,0036292567;0,055869874;-0,017178299;-0,15106744;0,016773717;-0,10742076;0,14453211;0,41092858;-0,045770783;-0,0974138;0,08728851;0,4885831;0,0
46;1,5087;0,41514453;0,054472096;-0,7702116;-0,14130042;;0,056296982;0,6232857;0,13183372;0,5401069;;0,051764812;-0,01640148;-0,13903476;0,017389717;-0,16440046;0,120122716;0,41518867;-0,03415773;-0,08646377;0,08309115;0,54723424;0,0
47;1,5386;0,30207896;-0,028954227;-0,7024336;0,073360085;1,0;0,045826036;0,6231678;0,13216817;0,5400265;-0,012724604;0,049498275;-0,014311931;-0,12778287;0,008406495;-0,20172647;0,11444708;0,4090778;-0,03046468;-0,07994977;0,07117043;0,57042104;0,0
48;1,5686;0,17774609;-0,11941284;-0,4280898;0,336414;0,6416633;0,033875573;0,6230527;0,13256393;0,53994346;-0,016217966;0,05085192;-0,01077023;-0,1204364;;-0,19555356;0,12472021;0,39914587;-0,018337792;-0,08027837;-0,0014181454;0,63228357;0,0
49;1,5986;0,028414035;-0,04223793;-0,14397067;0,14958456;0,16963519;0,041148197;0,6230438;0,13299842;0,5398496;-0,013488878;0,05378662;-0,006530359;-0,11757919;-0,033687614;-0,16000345;0,12921622;0,3954331;-0,009795654;-0,087094486;-0,004313901;0,6560048;0,0
50;1,6387;-0,035306383;0,029156879;-0,015297966;-0,050132714;-0,03957311;0,047281392;0,6231477;0,13358647;0,5396891;-0,0032412147;0,059513774;-0,0052725547;-0,11584006;;-0,08619798;0,15141338;0,39973658;-0,010394136;-0,09406274;-0,010556754;0,67763406;0,0
51;1,6785;-0,03217075;0,008181838;-0,019161355;-0,0096229715;-0,03963851;0,045755666;0,62324905;0,13417137;0,5396171;0,004943821;;;-0,11824482;-0,014215358;-0,035125166;0,15189031;0,397893;-0,007335745;-0,10091201;-0,014181921;0,7264304;0,0
52;1,7188;0,0029747593;0,013013504;-0,0072634267;-0,013498998;0,031394385;0,044871558;0,62342346;0,1347671;0,5395363;0,0110350875;0,06584318;-0,0038240093;-0,12295031;-0,003970437;-0,0014458031;0,14119653;0,41324443;0,008015679;-0,10091749;-0,014302451;0,7518861;0,0
53;1,7588;-0,044284586;0,01894546;-0,0070293755;-0,021383036;-0,057073157;0,043709777;0,6235653;0,13536076;0,5395387;0,014594833;0,06786306;-0,0024548003;;-0,0019661079;0,019871728;0,121293925;0,41184592;0,02132305;-0,10521702;-0,010852765;0,7846794;0,0
54;1,7986;-0,04718764;0,020428184;-0,0011445509;;-0,06619337;0,04084549;0,62369776;0,13600002;0,5395347;0,016322695;0,06959138;-0,00093756785;-0,13245618;0,001074637;0,03433261;0,092223786;0,42319438;0,047377393;-0,11162518;-0,04562317;0,7986914;0,0
55;1,8286;-0,028446864;0,022658657;-0,011833535;-0,029376851;;0,044858005;0,6237742;0,13650002;0,5395756;0,015898546;0,07093527;0,0008845941;-0,13763186;0,0024843586;0,04248295;0,08280067;0,43114695;0,050428003;-0,11129382;-0,087353036;0,81345993;0,0
56;1,8686;-0,02949743;0,020670595;-0,0061928253;-0,02996962;-0,04044204;0,041725524;0,62390333;0,13715857;0,53957653;0,014478014;0,07280281;0,0035240983;-0,14337273;0,00047698058;0,050052077;0,09851995;0,43053943;0,052271456;-0,122131504;-0,1297036;0,8227343;0,0
57;1,9086;-0,012952017;0,029511487;0,003381287;-0,047475398;-0,0068727043;0,039217956;0,6240233;0,13781533;0,5396294;0,014341188;0,07426762;0,005206475;-0,1514022;0,00011627278;0,056539666;0,11938711;0,42498374;0,056519687;-0,12193152;-0,1253039;0,8254841;0,0
58;1,9386;-0,03161496;0,013328509;-0,0049594482;-0,014597724;-0,044536743;0,04078065;0,6241192;0,13829497;0,5397138;0,015098251;0,074645914;0,00634542;-0,15643363;;0,058619715;0,1303294;0,42623147;0,055316452;-0,121883385;-0,12424492;0,83635837;0,0
59;1,9686;-0,010469894;0,024591558;-0,0026399286;;-0,005017497;0,040133502;0,62424356;0,13880493;0,53977;0,01617012;0,074957;0,007240859;-0,1601359;-0,0019586387;0,060636096;0,1277913;0,4236546;0,06499446;-0,117479876;-0,1662567;0,835632;0,0
60;1,9986;-0,010917998;-0,005501442;-0,010875063;0,011062682;0,0022144748;0,041791096;0,624374;0,1392946;0,5398211;0,017087191;0,07473288;0,008139636;-0,16141757;;0,059869573;0,122031845;0,42239448;0,068636306;-0,122001804;-0,18403967;0,82451767;0,0
61;2,0286;0,047235213;0,042333778;-0,12071918;-0,09130358;0,19017732;0,044847537;0,6244605;0,13979326;0,5399081;0,016450914;0,0740285;0,0087546455;-0,16250893;-0,0021820825;0,05333229;0,101625554;0,41934362;0,08029134;-0,12225453;-0,21410942;0,83125514;0,0
62;2,0587;0,15075968;0,07452716;-0,24456699;-0,18486872;0,48823875;0,046613026;0,62451893;0,14026652;0,53994685;;0,07188115;0,009092406;-0,16213663;0,00051974267;0,030547764;0,08924238;0,4207861;0,08173383;-0,12244602;-0,21832225;0,8286221;0,0
63;2,0888;0,2095989;0,08606638;-0,38889024;-0,23165372;0,67051667;0,048274405;0,62448484;0,14068757;0,5400815;0,007917229;0,06878189;0,008915276;-0,16026044;0,006030045;-0,004206373;0,0739093;0,42310587;0,096308485;-0,1294615;-0,2582838;0,824071;0,0
64;2,1188;0,23063782;0,08196081;-0,46562043;-0,2197427;0,7516551;0,047800478;0,624444;0,1410908;0,54015034;0,0012771001;0,065964624;0,00913458;-0,16018683;0,009811496;-0,03908066;0,06900797;0,43040967;0,098710336;-0,12958269;-0,29362956;0,82240474;0,0
65;2,1486;0,24060659;0,1008355;-0,502876;;0,80439895;0,050816674;0,6243655;0,14149807;0,5402455;-0,005221162;0,06374752;0,009559546;-0,16065983;0,010949554;-0,07127531;0,08104554;0,43632096;0,10952357;-0,12981386;-0,3232253;0,82943845;0,0
66;2,1785;0,12828988;0,05002473;-0,38137507;-0,1291064;;0,0431857;0,62426925;0,14193094;0,5403425;-0,009301518;0,062916175;0,010271267;-0,16150314;0,0110018505;-0,09004611;0,095062904;0,43908924;0,11719382;-0,1298862;-0,3493264;0,8284439;0,0
67;2,2086;-0,0022391682;0,039600827;-0,13318232;-0,08245593;0,11228982;0,040018726;0,6242237;0,14242561;0,54044974;-0,008563917;0,06484154;0,012013287;-0,16460013;0,006252407;-0,07823451;0,110575356;0,43626806;0,13398048;-0,13655946;-0,38992906;0,81838584;0,0
68;2,2385;-0,05352726;;-0,010989143;-0,027437454;-0,071984;0,042707242;0,6242515;0,14292975;0,5405973;-0,0030921248;0,068378314;0,014610901;-0,17076811;0,00021628432;-0,042763136;0,113079876;0,42869544;0,1362118;-0,13650896;-0,41332772;0,8190803;0,0
69;2,2685;-0,058995795;;-0,016143812;0,0008961594;-0,08282987;0,042656757;0,6243148;0,1434454;0,5407499;0,0021212266;0,070829816;0,017026361;-0,17625013;-0,0057123085;-0,0126069635;0,1123662;0,41338125;0,15521133;-0,1407417;-0,44108877;0,82215446;0,0
70;2,2986;-0,033890516;0,020050252;-0,010542916;-0,027925137;-0,042387795;0,04144031;0,624389;0,14390555;0,5408637;0,0057925647;0,07185989;0,019526334;-0,18159099;-0,011502664;0,00846879;0,10304221;0,40287277;0,15450674;-0,14724362;-0,47792175;0,8348773;0,0
71;2,3386;-0,027072797;0,002214572;-0,010851609;;-0,02980531;0,043492295;0,62450916;0,14452156;0,5409966;0,009057922;0,07211429;0,021851493;-0,1886381;-0,015095218;0,027873341;0,06421174;0,36250037;0,17785984;-0,14245477;-0,5359657;0,81902474;0,0
72;2,3786;-0,031553257;0,006874417;-0,012923929;-0,008863644;-0,041686006;0,04603359;0,6246441;0,14514707;0,54113626;0,009879639;0,07062435;0,024289014;-0,1936766;-0,019647961;0,040147755;0,045220815;0,3427688;0,18263806;-0,12878999;-0,6274974;0,8077733;0,0
73;2,4086;-0,0032984442;0,021850975;-0,009869243;-0,035416484;0,0012836844;0,04338948;0,62467504;0,14558496;0,5413176;0,008852915;0,06824997;0,026166022;-0,19134304;-0,022210775;0,045477368;0,03666084;0,32843772;0,19771875;-0,13528848;-0,71327454;0,7745874;0,0
74;2,4386;-0,02427323;0,012601179;-0,0075898888;-0,018555583;-0,029296283;0,045642372;0,6247328;0,14600863;0,5414793;0,0076323906;0,06575878;0,027977416;-0,18984137;-0,023441115;0,049370807;0,037631385;0,32620686;0,2101938;-0,13525628;-0,73707587;0,769924;0,0
75;2,4686;-0,026332801;0,015778666;-0,009406921;-0,022405965;-0,036054347;0,045414947;0,62476546;0,14642735;0,54170173;0,0067715724;0,06375882;0,030076617;-0,18952614;-0,025254548;0,052740116;0,053178735;0,32191423;0,23286194;-0,14197707;-0,90127337;0,72857505;0,0
76;2,4985;-0,033336006;0,03912691;-0,0070882635;-0,060862843;-0,047143534;0,04355809;0,62480867;0,1468523;0,5419289;0,006747891;0,062141083;0,03244204;-0,19123887;-0,026056536;0,05549104;0,06438149;0,3397729;0,23601474;-0,14207534;-0,92794526;0,71701133;0,0
77;2,5286;;;-0,0121382335;-0,037465274;-0,04471177;;0,62488633;0,14724573;0,5421358;0,0072350507;0,06170654;0,03433535;-0,19337429;-0,025104176;0,058812838;0,07182567;0,34092867;0,24207246;-0,1423387;-0,99092853;0,70317787;0,0
78;2,5586;-0,03347666;0,018459698;-0,016078327;-0,026983032;-0,049921792;0,043453615;0,62495285;0,14765705;0,5423929;0,007855421;0,061665643;0,036035307;-0,19503675;-0,024849357;0,060982265;0,06968786;0,34319052;0,24923627;-0,1491513;-1,0019168;0,7014164;0,0
79;2,5885;;0,004798681;;0,0031649133;-0,05374595;0,043245528;0,6249984;0,14807984;0,5426852;0,00833608;0,06171322;0,037677106;-0,19820495;-0,025139928;0,062618494;0,053782713;0,34476388;0,27041748;-0,15393952;-1,0745779;0,69174665;0,0
80;2,6186;-0,01549429;0,029253852;-0,020087326;-0,056539036;-0,010366676;0,042621814;0,62507147;0,14849372;0,5429163;0,008115882;0,06189035;0,03973259;-0,20280677;-0,02598554;0,06400599;0,0409974;0,34803283;0,27368644;-0,16080496;-1,1194084;0,6790463;0,0
81;2,6587;-0,01190052;0,0668429;-0,07013349;-0,1336066;0,017343245;0,042583328;0,62510747;0,14905518;0,54332674;;0,061806343;0,041893322;-0,20921496;-0,02460432;0,061250087;0,025072226;0,35126787;0,27692148;-0,17216516;-1,1487445;0,6760298;0,0
82;2,6986;0,04531177;0,0977708;;-0,23198417;0,15985088;0,0472391;0,6250901;0,14958669;0,5437635;0,0038031072;0,061485138;0,04248917;-0,21802069;-0,016069125;0,05200384;0,025343902;0,33179215;0,27215162;-0,17223668;-1,1503181;0,67504627;0,0
83;2,7287;0,009224733;0,09317589;-0,14316049;-0,23162107;0,1170693;0,04889019;0,62506264;0,14995788;0,5440789;0,0013355376;0,059827287;0,04187637;-0,22232959;-0,005437314;0,038501505;0,030384956;0,32939756;0,27465898;-0,17890316;-1,1662618;0,67529386;0,0
84;2,7586;-0,011576796;0,034233056;-0,05468815;-0,08099988;0,022560526;0,039811477;0,6250367;0,15034932;0,5443757;6,158031e-05;0,058987748;0,041810673;-0,22815855;-0,0007079908;0,034384962;0,05015385;0,3283801;0,27364156;-0,1787477;-1,1873515;0,6876439;0,0
85;2,7986;-0,041132294;0,023756802;-0,008691022;-0,033933267;-0,058235876;0,038875833;0,6250332;0,15089808;0,5448587;0,0016642816;0,05941486;0,04349094;-0,23733488;-0,00895743;0,04590483;0,06792321;0,31209633;0,26961267;-0,18515415;-1,1648946;0,6710422;0,0
86;2,8386;;0,005400215;-0,004464823;-0,006013454;-0,054776136;;0,6250403;0,15142651;0,5453666;0,0041496684;0,05885523;;-0,24609505;-0,016716616;0,053841982;0,07078549;0,29434502;0,28127313;-0,1781383;-1,1739446;0,6704922;0,0
87;2,8686;-0,028884739;0,019076003;-0,02163047;-0,026712794;-0,04091104;0,040300243;0,62510437;0,15183029;0,5456654;0,0056868494;0,057845835;0,045727156;-0,24931969;-0,020802842;0,05822704;0,05669184;0,27044487;0,28923574;-0,17783539;-1,1917902;0,64912623;0,0
88;2,9086;-0,03527347;0,023839172;-0,027225088;-0,03426316;-0,052186247;0,04258936;0,62517077;0,15233159;0,54607856;0,0063097673;0,05540731;0,04711348;-0,25087553;-0,024460938;0,061423607;0,035830915;0,22943148;0,30459487;-0,17095105;-1,2282435;0,63144916;0,0
89;2,9487;-0,032060437;0,011931357;-0,008983685;-0,021476462;-0,0480177;0,045526884;0,62520844;0,15279846;0,5465055;0,0061111874;0,05201778;0,048431657;;-0,025404576;0,062755294;0,02336783;0,21083717;0,30560842;-0,1709042;-1,1945329;0,5810313;0,0
90;2,9886;-0,05314195;0,007556183;-0,009029126;-0,011560934;-0,08664996;0,039503615;0,62525016;0,15322146;0,5469514;0,005162995;0,04803692;0,049918596;-0,24730974;-0,027585808;0,062895656;0,028319588;0,15849237;0,30963618;-0,15988094;-1,1971192;0,5640962;0,0
91;3,0186;-0,005632253;0,011766025;-0,014333047;;;0,043867487;0,6252597;0,15349364;0,5473183;0,004596884;;0,050672963;-0,2430304;-0,027705431;0,064428784;0,03866402;0,14950363;0,3153533;-0,16001973;-1,2246822;0,5468694;0,0
92;3,0487;-0,024641547;0,013571128;-0,012996329;-0,0211514;-0,03760469;0,045446318;0,62528855;0,15372263;0,5476722;0,0046002828;0,03965464;0,051639136;-0,23825434;-0,028798122;0,062017813;0,059469268;0,09146533;0,32349148;-0,14918432;-1,2559112;0,49671394;0,0
93;3,0786;-0,034182798;0,014644568;-0,015525466;-0,021526888;-0,05591785;0,046202302;0,62528956;0,15394938;0,5481082;0,0054602567;0,034755897;0,052628256;-0,23188931;-0,029243318;0,06270052;0,06609311;0,080039136;0,3218692;-0,14931867;-1,2588668;0,47444195;0,0
94;3,1185;-0,042145856;0,0011068633;-0,0137775615;0,000804263;-0,071693435;0,04737317;0,62533635;0,1541591;0,5486379;0,006802426;0,028695626;0,05374903;-0,22433108;-0,030366087;0,06198185;0,071512856;0,052430138;0,31386805;-0,14295183;-1,2821951;0,40879968;0,0
95;3,1485;-0,032386962;0,02482323;-0,008046491;-0,03822936;;0,04615533;0,62538177;0,15430374;0,549024;;0,02465731;0,053902026;-0,2187911;-0,030160852;0,061676167;0,046385307;0,004849806;0,3275622;-0,13204221;-1,3363011;0,36477095;0,0
96;3,1786;;0,022260603;-0,014337769;-0,029463703;-0,023410806;0,037410695;0,6254151;0,15442093;0,549441;;;0,05409721;-0,21069661;-0,028650783;0,05852571;0,024190381;0,0020823362;0,32724574;-0,12542996;-1,3705703;0,29229063;0,0
97;3,2087;-0,03293413;0,022477938;-0,008965044;-0,03319094;-0,052063085;0,03942868;0,6254556;0,15446351;0,5498213;0,0069981255;0,015079487;0,054660074;-0,20213439;;0,05432946;0,0059546484;0,0008219729;0,3357893;-0,13213004;-1,4117628;0,2767577;0,0
98;3,2486;-0,013779206;0,1871784;-0,24721226;-0,46734646;;0,05320736;0,62550074;0,15444802;0,55029327;0,0039024202;0,010660572;0,053556204;-0,1930305;-0,015615791;0,045193385;-0,030548926;-0,025287692;0,34644434;-0,10296676;-1,4646152;0,18755667;0,0
99;3,2786;-0,0046523875;0,42792755;;-1,0;0,10237164;0,07781613;0,62543154;0,1544672;0,55054605;-0,0033359504;0,006938325;0,04882328;-0,17636277;0,027155854;0,026195917;-0,025669474;-0,03344064;0,35299727;-0,10286056;-1,4867885;0,17369832;0,0
100;3,3086;;0,49202618;;-1,0;0,19858399;0,08429492;0,6253136;0,1544001;0,5506386;-0,013400121;0,0028167204;0,040802676;-0,15482265;0,097793005;-0,003577305;-0,027879752;-0,023023164;0,34870887;-0,095863685;-1,4962559;0,16778122;0,0
101;3,3487;;0,54401237;-0,92011565;-1,0;0,16964898;0,09012021;0,62502354;0,15435608;0,5507967;-0,027265325;;0,031448312;-0,12998675;0,17688286;-0,03725717;-0,009569462;-0,046510532;0,35953522;-0,07325418;-1,489043;0,14675824;0,0
102;3,3888;0,033854328;0,34748498;-0,70106035;-1,0;0,19951807;0,07676052;0,6247331;0,15432566;0,55086416;-0,035503622;-0,0029249992;0,026950153;-0,1081622;0,21858926;-0,05565093;-0,0032998344;-0,04248851;0,37091017;-0,07745121;-1,4915082;0,1401113;0,0
103;3,4286;-0,029162293;0,13067457;-0,22172396;-0,3830515;-0,015329584;0,051915463;0,624526;0,15428424;0,55114484;-0,033809908;-0,004772;0,031018984;-0,09625335;0,19873911;-0,0554926;-0,01640618;-0,06640422;0,37640625;-0,07286763;-1,5050488;0,111223646;0,0
104;3,4688;-0,006870353;-0,015898224;-0,015001737;0,015661357;-0,005163702;0,042271316;0,62443465;0,15424499;0,5516466;-0,023875972;-0,005643893;0,04165767;-0,09612731;0,12792431;-0,02929584;-0,040129434;-0,08172312;0,37579322;-0,077360444;-1,4895115;0,10050956;0,0
105;3,4987;-0,0462395;0,010031961;-0,02061018;-0,027881939;-0,082168475;0,041596547;0,6243362;0,15420273;0,55205303;-0,018843856;-0,007031569;0,04814567;-0,0978434;0,08345675;-0,015826168;-0,051338483;-0,084881715;0,37263462;-0,07745898;-1,4916792;0,099154726;0,0
106;3,5287;0,003167577;;-0,012481062;-0,039007172;0,010332369;0,039225217;0,6242175;0,15416268;0,5524543;-0,015828539;-0,008338792;0,052431386;-0,09942485;0,05293698;-0,006126771;-0,060386244;-0,09828709;0,36658219;-0,07772223;-1,4974707;0,085322626;0,0
107;3,5586;-0,02390161;0,0055856034;-0,011120873;-0,015682766;-0,039302368;0,04100702;0,6240986;0,15410407;0,55289763;-0,014095783;-0,0099538695;0,055364147;-0,10079249;0,029982526;-0,00060859194;-0,06151247;-0,09809572;0,36677355;-0,07785025;-1,5002872;0,093774736;0,0
108;3,5887;-0,004225089;0,0063263336;-0,014655588;-0,016160706;0,001567144;0,041133188;0,62401235;0,15407562;0,55327016;-0,01303772;-0,011236995;;-0,10176099;0,01291507;0,0039100563;-0,050494667;-0,09966822;0,37010303;-0,067041434;-1,5075912;0,078997284;0,0
109;3,6288;-0,0061774584;-0,0017313265;-0,011208901;-0,001539483;-0,010753005;0,04064364;0,6238959;0,15406364;0,55380315;-0,011560698;-0,012338931;0,059584036;;-0,0031537227;0,009075479;-0,0381025;-0,11006534;0,3719608;-0,06732512;-1,5138324;0,0699903;0,0
110;3,6588;-0,017442066;-0,0042350874;;;;0,040771436;0,62381953;0,1540356;0,5542016;-0,0106655685;-0,013138136;0,06042418;-0,09780956;-0,008907148;0,009423692;-0,032746587;-0,10454762;0,3799295;-0,06748975;-1,5174543;0,072832905;0,0
111;3,6988;-0,01746912;-0,00999355;-0,01079608;0,009656471;-0,025380326;;0,623728;0,15398173;0,55474305;-0,008509962;-0,014326111;0,06237875;-0,09462835;;0,012045773;-0,03842038;-0,0989462;0,38307995;-0,067512974;-1,5179651;0,06740743;0,0
112;3,7387;-0,018826135;-0,007835089;-0,008985167;0,0069039366;-0,034223936;0,040334858;0,62366265;0,15388307;0,55531085;-0,0076055927;-0,014585609;0,063508466;-0,09305099;-0,02359463;0,013511874;-0,059603754;-0,09288377;0,38914236;-0,06741903;-1,5158983;0,06869914;0,0
113;3,7687;-0,0154182855;-0,00074734224;-0,008633474;-0,002292507;-0,024969632;0,043498315;0,62360644;0,15378948;0,55573356;-0,007956866;-0,014701209;0,06452361;-0,092186645;-0,027205909;0,012419494;-0,09474055;-0,095217064;0,39416203;-0,06718329;-1,5107121;0,046409484;0,0
114;3,7986;-0,022392262;0,022086542;-0,022021659;-0,042379774;-0,039433535;0,038616903;0,62357336;0,15370809;0,55600256;-0,009552908;-0,014501804;0,065041006;-0,09134788;-0,027152412;0,0126422625;-0,10617955;-0,1053982;0,3962358;-0,06686369;-1,503681;0,04059157;0,0
115;3,8287;-0,018676667;0,0078861285;-0,015856376;-0,018070145;-0,027401889;0,04418788;0,62341726;0,15355475;0,55662775;-0,011507932;-0,014578349;0,06597762;-0,09082342;-0,029763745;0,013410242;-0,10509539;-0,10807129;0,39111173;-0,07118623;-1,4925677;0,042431165;0,0
116;3,8686;-0,0125361085;-0,009440399;-0,016070914;0,01777588;-0,030410614;0,04223477;0,62328124;0,15348074;0,5572281;-0,013449976;-0,015248057;;-0,091117054;-0,029647611;;-0,09587227;-0,11604125;0,3904947;-0,07088305;-1,4858977;0,031281292;0,0
117;3,8986;-0,0030431997;-0,0030176467;-0,0131642725;0,0024421322;-0,00041532543;0,0410418;0,6231867;0,15337735;0,557663;-0,014278513;-0,016038783;0,06670446;-0,09215834;-0,032170333;0,010202067;-0,08482857;-0,1289986;0,3848903;-0,059606295;-1,4747372;0,0076193004;0,0
118;3,9286;0,0033172648;0,014007976;-0,017424712;-0,027365876;-0,0022134287;0,039877735;0,6230957;0,15326992;0,5581081;-0,014304436;-0,017070908;0,06667715;-0,089598365;-0,03291321;0,008901767;-0,06736224;-0,14975978;0,378835;-0,059494738;-1,4722829;0,0091532525;0,0
119;3,9687;-0,007633824;-0,003100812;-0,022756856;0,0058647133;-0,012565104;0,041881014;0,6229802;0,15309614;0,55869055;-0,013499177;-0,019006317;0,06639875;-0,08545833;-0,033591077;0,007437081;-0,07157144;-0,17929552;0,37135807;-0,055091605;-1,4897931;0,008421817;0,0
120;3,9987;0,0072711073;0,0025437565;-0,02590482;-0,0034819609;0,008511378;0,041290663;0,62288177;0,15295023;0,5591734;-0,01296868;;0,06592207;-0,08210882;-0,034529738;0,00802866;-0,08062035;-0,1928085;0,37500197;-0,04847293;-1,499411;0,007516815;0,0
121;4,0387;0,0016468698;;-0,004481592;-0,03376079;-6,424457e-05;0,041385666;0,6228103;0,15269943;0,5596864;-0,012704477;-0,024581881;0,06540041;-0,07629267;-0,03483341;0,005590854;-0,10593415;-0,21545765;0,37441164;-0,037584905;-1,5049725;0,004040914;0,0
122;4,0786;-0,038443312;0,008966365;-0,010363921;-0,015202829;-0,067549475;0,045284588;0,62268484;0,15242128;0,5602863;-0,013350429;-0,027703736;0,06500594;-0,0680237;;0,00526886;-0,12492472;-0,21729137;0,37747988;-0,037910655;-1,5121391;-0,00043819952;0,0
123;4,1086;0,009543624;0,013688849;-0,009919317;-0,021266975;0,012127245;0,04179715;0,6225732;0,15218624;0,5607386;-0,014837526;-0,029676288;0,064957306;-0,061838377;-0,034960657;0,005756753;-0,13033429;-0,22154441;0,38303074;-0,038228273;-1,5191267;-0,004805447;0,0
124;4,1386;-0,012642833;-0,005685501;-0,007228217;0,006428704;-0,021837955;0,04472882;0,6224611;0,1519798;0,5611544;-0,016301638;-0,03155621;0,065128885;-0,057503715;-0,035311453;0,004218151;-0,12487935;-0,22279;0,3866871;-0,03838166;-1,5225011;-0,022233106;0,0
125;4,1686;-0,008570009;0,0034066706;-0,0013909743;-0,007928606;-0,017685689;0,043083012;0,62233955;0,15176678;0,5616071;-0,01725855;-0,03289601;0,06539286;-0,054360054;-0,03507746;0,0036123453;-0,105866544;-0,22266649;0,3917126;-0,038531646;-1,5258008;-0,03450783;0,0
126;4,2086;-0,017989062;-0,0060083587;-0,008045724;0,008191597;;0,04140769;0,6221752;0,15145364;0,5622307;-0,017411571;-0,03409951;0,065782875;-0,051490955;-0,034096092;0,0028202543;-0,08710667;-0,21814321;0,39623588;-0,03183554;-1,5173753;-0,034348167;0,0
127;4,2386;-0,004735043;-0,002320617;-0,013318101;0,011498595;-0,010801404;0,03993608;0,62204754;0,15123191;0,5626886;;-0,034717478;0,06653137;;-0,03554734;0,0014979695;-0,07807274;-0,22817187;0,39601114;-0,031784702;-1,5162569;-0,04896778;0,0
128;4,2686;0,00603854;0,003201582;-0,0022006046;-0,010593978;0,011600936;;0,6219705;0,15100555;0,5631015;-0,015627677;-0,035533287;0,06708505;-0,04496258;-0,036234595;-1,5108004e-05;-0,07229617;-0,24839233;0,39294755;-0,03156113;-1,5113382;-0,07142467;0,0
129;4,2987;0,0031007607;-0,0054263137;;0,0070766984;-0,002029938;0,04432388;0,62187934;0,15073209;0,56355125;-0,014506546;-0,036928855;0,06712487;-0,04245673;-0,0349542;-0,0018480654;-0,081640154;-0,25155172;0,38978815;-0,031378385;-1,5073179;-0,058699504;0,0
130;4,3286;0,02884253;-0,008532698;0,058907956;0,014836218;0,031093262;0,035604987;0,62181383;0,15046686;0,56399137;-0,013060142;-0,038614277;0,06757533;-0,0409677;;-0,0033762162;-0,102473564;-0,2576032;0,38373667;-0,031046262;-1,5000112;-0,054132834;0,0
131;4,3586;;-0,001721552;0,009642116;-0,0025613848;0,0066658594;0,039816756;0,62173605;0,15019004;0,5644291;-0,01304537;-0,039939944;0,06724432;-0,03968467;-0,03597631;-0,004086764;-0,10972079;-0,26231608;0,38147476;-0,03091889;-1,4972091;-0,052381475;0,0
132;4,3886;-0,017489547;-0,00047656713;-0,0054972437;-0,0037588347;-0,031497337;0,041917022;0,6216293;0,14989015;0,5649145;;-0,040881474;0,0668906;-0,038768604;-0,03562406;-0,0032683813;-0,124150306;-0,27123886;0,37500298;-0,030659607;-1,4588251;-0,043710116;0,0
133;4,4286;-0,013590351;0,011204862;-0,0031879698;-0,019544296;-0,026261833;0,041789528;0,6214791;0,14952262;0,5654957;-0,01523165;-0,042156976;0,06624101;-0,037426773;-0,035822958;-0,0034382117;-0,12409091;-0,25222126;0,3891186;-0,034988776;-1,4233478;-0,06749271;0,0
134;4,4585;0,0048233056;0,016388264;-0,006527318;-0,02548647;0,0059727347;0,040021554;0,6213449;0,14922202;0,5659677;-0,016321514;-0,042323597;0,06626298;-0,03805376;-0,036128525;-0,0034838144;-0,11546614;-0,24832213;0,3881158;-0,02384998;-1,4479022;-0,067520574;0,0
135;4,4887;;0,018586362;-0,009720776;-0,029180588;-0,01291651;0,03948552;0,6212497;0,14893168;0,566392;-0,016892252;-0,04213493;0,06634169;;-0,035627805;-0,004072294;-0,100618474;-0,24109726;0,37818378;-0,017298602;-1,4344908;-0,07445709;0,0
136;4,5286;;0,018854152;-0,014602637;-0,032094374;0,026886813;0,04232325;0,6210939;0,14855327;0,56695724;-0,016720314;-0,041550297;0,06593985;-0,029515665;-0,03540201;-0,00466418;-0,09321005;-0,24974667;0,3548285;-0,019790249;-1,4157777;-0,07807998;0,0
137;4,5586;;0,017282194;-0,008690791;-0,026617127;-0,00909102;0,03824283;0,6209952;0,14825454;0,56739795;-0,016317165;;0,06494109;-0,026288902;-0,03559773;-0,0057188193;-0,09373388;-0,259737;0,34974012;-0,019918632;-1,4186021;-0,09005767;0,0
138;4,5886;-0,0032478645;0,00888432;-0,005915847;-0,017582888;-0,007837751;0,03968598;0,6208905;0,14798921;0,5677733;-0,015891014;-0,042035803;0,06340326;-0,024158094;-0,033711903;-0,006777253;-0,1112864;-0,27532983;0,29983357;-0,01356575;-1,360538;-0,109935924;0,0
139;4,6186;0,01473936;0,024841161;-0,012894912;-0,03893017;0,024953833;0,03737144;0,62079966;0,14768822;0,5681312;-0,016061552;-0,042866163;0,060839813;-0,021081412;-0,033921294;-0,0069669685;-0,11427184;-0,27941772;0,27368686;-0,013746669;-1,2909888;-0,1328484;0,0
140;4,6486;-0,0011595512;;-0,003491434;0,024457522;-0,0044548083;0,04215411;0,62068766;0,14738199;0,5684641;-0,01664261;-0,044151306;0,0572397;-0,017933516;-0,033361718;-0,009920718;-0,11382805;-0,29334435;0,23525041;-0,013965702;-1,2141082;-0,16139115;0,0
141;4,6886;0,010345959;-0,004114899;-0,006865277;0,0017108435;0,013280245;0,041168176;0,6205342;0,14695558;0,56889045;-0,017102959;-0,04609279;0,05184775;-0,0151340505;-0,033614323;-0,013533416;-0,12006429;-0,30302197;0,20106299;-0,02517784;-1,1421478;-0,18790282;0,0
142;4,7287;-0,013055866;0,0108873965;-0,0043018595;-0,014983565;-0,028044755;0,037947215;0,6203587;0,1465176;0,56925875;-0,017930424;-0,04795966;0,046332855;-0,01790034;-0,034742493;-0,016898207;-0,10377909;-0,31398344;0,121474065;-0,020627454;-1,0256994;-0,20192815;0,0
143;4,7586;-0,008731986;0,020625459;-0,0036715292;-0,037435886;-0,017037118;0,040923327;0,6202529;0,14619693;0,5694794;-0,017827662;-0,04926351;0,04049156;-0,019045297;;-0,018162884;-0,096862815;-0,31623816;0,10206247;-0,031688437;-0,9749234;-0,20083037;0,0
144;4,7986;-0,012498305;0,027185503;-0,007817965;-0,044255655;-0,020525819;0,040914815;0,620108;0,1457138;0,5697568;-0,017126922;-0,05058101;0,032625325;-0,023947794;-0,033509433;-0,018244714;-0,08402337;-0,31535766;0,04657046;-0,055920254;-0,8135789;-0,20722048;0,0
145;4,8285;-0,016505353;-0,002113957;-0,007999709;0,0057390314;-0,03372973;0,041092705;0,6199939;0,14538766;0,569932;-0,016360257;-0,05147607;0,026509551;-0,034131642;-0,032696005;-0,019773662;-0,09262102;-0,32330045;-0,0054899827;-0,066729695;-0,6592298;-0,21798268;0,0
146;4,8585;-0,008327508;0,0026796395;-0,013956967;-0,0053842217;;0,042887203;0,6198775;0,14504598;0,5700805;-0,016072221;-0,052241042;0,019994881;-0,047710918;-0,034596402;-0,020032305;-0,1011268;-0,32430282;-0,021198252;-0,084364556;-0,62236017;-0,22047019;0,0
147;4,8886;-0,011014169;-0,00016445716;0,0022193883;0,0009411383;-0,023904962;0,039824188;0,61976695;0,14468695;0,57014346;-0,016194317;-0,053076055;0,013697817;-0,06356619;-0,033946022;-0,021457871;-0,13903998;-0,30972353;-0,060540523;-0,08857232;-0,5515322;-0,23747724;0,0
148;4,9287;0,0034528975;-0,0038363722;-0,0006525399;0,005910703;0,0042771413;0,043624315;0,6196018;0,14421585;0,57016695;-0,018122612;-0,052875098;0,005738144;-0,08295704;-0,0333406;-0,021397164;-0,16957851;-0,31346887;-0,074089795;-0,08846083;-0,44287038;-0,25126293;0,0
149;4,9686;;-0,0145363705;-0,00018808934;0,027151141;0,01546786;0,036724813;0,6193829;0,14375016;0,5701791;-0,021041153;-0,052686825;-0,00063147687;-0,09605483;-0,032048106;-0,021832192;-0,1816895;-0,30844575;-0,06906666;-0,09519869;-0,4358745;-0,26220915;0,0
150;4,9986;-0,01059775;0,0063616512;-0,0046840743;-0,010442544;-0,015729347;0,04020376;0,6192232;0,14336883;0,5701674;-0,023275798;-0,05257096;-0,0037448602;-0,10483702;-0,03219952;-0,02316469;-0,17753603;-0,30964002;-0,067809954;-0,10194906;-0,42098388;-0,26311493;0,0
151;5,0386;0,014252864;0,011070818;;-0,018503493;0,027216962;0,039289653;0,61898005;0,14288199;0,5701261;-0,025292646;-0,052328646;-0,006806968;-0,11572442;-0,030055871;-0,024044482;-0,16038185;-0,31395558;-0,06722356;-0,1200273;-0,34484908;-0,2819114;0,0
152;5,0685;-0,0055513;0,0033816032;-0,0058692065;-0,0025271683;-0,0102609275;0,037700005;0,6188175;0,14253648;0,5700633;-0,025960434;-0,052660387;-0,0082451;-0,1275938;-0,028671628;;-0,1316056;-0,31212226;-0,0702922;-0,12035286;-0,3520113;-0,3017064;0,0
153;5,0985;-0,022916958;0,0060406756;-0,010242565;-0,014854912;-0,04142386;0,039201066;0,61866087;0,1421855;0,56999373;-0,025140429;-0,052574158;;-0,13872617;-0,027496755;-0,027018987;-0,1196504;-0,3250829;-0,073448904;-0,10272442;-0,34000263;-0,3044134;0,0
154;5,1286;-0,0064365068;0,0059230607;-0,012597909;-0,01127665;-0,008884055;0,039745815;0,6185396;0,14182782;0,5698854;;-0,05288398;-0,010247711;-0,14181918;-0,0262665;-0,027280698;-0,11206752;-0,3581003;-0,079505526;-0,10745504;-0,3623769;-0,3183973;0,0
155;5,1586;-0,00892734;0,0092767235;-0,014570448;-0,018211748;-0,016415242;0,03773581;0,6183906;0,1414504;0,5698177;-0,022669153;;-0,011044775;-0,14343831;-0,02637703;-0,026765503;-0,11705414;-0,36525977;-0,08176304;-0,10753276;-0,36408684;-0,31946605;0,0
156;5,1886;-0,009522476;-0,0123589225;-0,006301777;;-0,021388074;0,03850351;0,6182589;0,14104292;0,5697178;-0,021769151;-0,056159563;-0,012070033;-0,14508034;-0,024933686;-0,028380819;-0,13623337;-0,37173086;-0,085783154;-0,10316392;-0,42320096;-0,33598754;0,0
157;5,2186;0,013442378;0,013877588;-0,015735155;-0,023013948;0,023856945;0,035538007;0,6180959;0,14066346;0,56966054;-0,021763565;;-0,012808319;;-0,025655728;-0,028569305;-0,13185635;-0,37744516;-0,08659549;-0,103136726;-0,42260277;-0,35603848;0,0
158;5,2486;0,0018930979;0,010194885;-0,019753756;-0,019189226;0,0046633165;0,038418233;0,6179567;0,1402368;0,56955737;-0,021968547;-0,059662215;-0,013640925;-0,14468667;;-0,030534953;-0,11877726;-0,3831253;-0,08492268;-0,120791696;-0,3616656;-0,35880244;0,0
159;5,2986;-0,038667534;;-0,015117479;-0,026742825;-0,06409931;0,0398157;0,61771196;0,13957383;0,5693966;;-0,06142491;-0,014231052;-0,15120986;-0,02521893;-0,032899044;-0,09482359;-0,38815206;-0,08014554;-0,12050483;-0,37986436;-0,37528288;0,0
160;5,3285;-0,0050820266;0,007484718;-0,021589449;-0,010918335;-0,009280847;0,038975988;0,61754066;0,13915695;0,56938076;-0,020391928;;-0,014324175;-0,15612884;-0,024927672;-0,033023536;-0,07070941;-0,3869988;-0,07409031;-0,1201725;-0,39706296;-0,37071335;0,0
161;5,3585;;0,0063245655;0,0042671524;-0,011778922;-0,0482432;0,038632378;0,617443;0,13872215;0,5692786;-0,018537411;-0,06313984;-0,014323588;;;-0,03394147;-0,061837416;-0,3920922;-0,071830764;-0,12450158;-0,4106033;-0,3740699;0,0
162;5,3986;-0,010908524;0,010604181;-0,01533922;-0,016777202;-0,024560487;0,036770675;0,6172986;0,13816352;0,5691897;-0,01564952;-0,06414155;-0,013802897;-0,16460854;-0,02415292;-0,034501217;-0,08010002;-0,41012943;-0,062907204;-0,113101326;-0,45391545;-0,38071513;0,0
163;5,4386;-0,018762384;0,008489594;-0,020457067;;-0,028729444;0,038525857;0,6171784;0,13761175;0,56905544;-0,014895537;-0,06568408;;-0,16365512;-0,024048477;-0,035279613;-0,12918119;-0,39973983;-0,023105854;-0,10629001;-0,5900142;-0,38918373;0,0
164;5,4788;-0,020201204;;-0,009234543;-0,038370386;-0,038911946;0,03522979;0,61701566;0,1369838;0,5689734;-0,016037079;-0,06650441;-0,01148303;-0,15997094;-0,025408955;-0,03598693;-0,16600387;-0,3905593;0,047349207;-0,08404526;-0,6643553;-0,3794786;0,0
165;5,5186;-0,0074673286;0,01744691;-0,022825694;-0,023889583;-0,00960269;0,034803666;0,61681265;0,13635883;0,5689684;-0,019118072;-0,066312745;-0,00708877;-0,14986393;-0,026339617;-0,03572983;-0,18220176;-0,3912079;0,07366137;-0,059726804;-0,6930747;-0,38210958;0,0
166;5,5586;-0,02213075;0,0028676512;-0,018705724;-0,008326081;-0,038021438;0,036665462;0,6166047;0,13576266;0,56896514;-0,022627652;-0,06602314;-0,0010562711;-0,12841211;-0,027476128;-0,0358138;-0,18077701;-0,39957607;0,07019516;-0,060025543;-0,69964695;-0,38621724;0,0
167;5,5986;-0,023916211;-0,008701808;-0,010956844;0,016924135;-0,047636487;0,037053667;0,6163651;0,13520867;0,56897986;-0,025091762;-0,06598052;0,0030040531;-0,1114334;-0,027642503;-0,03541102;-0,15991478;-0,41094947;0,06862569;-0,049217;-0,67427725;-0,37546742;0,0
168;5,6386;-0,013969852;0,008343715;-0,02616025;-0,008520576;-0,022850247;0,034807827;0,6161421;0,1345896;0,5690142;-0,026085015;;;-0,09745884;-0,02822512;-0,03481216;-0,13937102;-0,411533;0,06804215;-0,049500328;-0,68051046;-0,37936318;0,0
169;5,6786;0,01321125;-0,0015959044;-0,009434894;0,0028581538;0,01712068;;0,6159173;0,13398309;0,56909144;-0,025675783;-0,067471825;0,007372953;-0,085736185;-0,029529622;-0,03577018;-0,12914896;-0,4109118;0,076016314;-0,04298011;-0,70046437;-0,38672814;0,0
170;5,7185;0,0031200633;0,012623119;-0,028921073;-0,016172906;0,0006041752;0,039418396;0,61568767;0,13340086;0,5692067;-0,02439403;-0,068176456;0,00903298;-0,075380996;-0,030775702;-0,03694445;-0,13336979;-0,40290976;0,08156738;-0,042984944;-0,7005707;-0,3867946;0,0
171;5,7586;-0,008363139;0,0013472264;-0,024884455;0,002784691;-0,017613066;0,04014847;0,615496;0,13277826;0,5692776;-0,023706365;-0,0683091;0,010467874;-0,06796297;-0,03232356;-0,037485026;-0,13681976;-0,39699155;0,087485574;-0,042829018;-0,6971404;-0,4203941;0,0
172;5,7986;-0,021159;;-0,011512713;-0,028980874;-0,043653812;0,039058547;0,61530375;0,13219418;0,5693405;-0,02340263;-0,06831358;0,011550092;-0,06287418;-0,032214046;-0,04019248;-0,13494979;-0,4101286;0,08415246;-0,06037607;-0,7073585;-0,44209906;0,0
173;5,8386;-0,0054649357;-0,01134274;-0,011385377;0,021346992;-0,010483382;0,03767163;0,61507744;0,13157247;0,5694902;-0,023154208;;0,012529769;-0,06461459;-0,033115506;-0,041523486;-0,14266068;-0,4046433;0,08963776;-0,07118539;-0,77359486;-0,4732844;0,0
174;5,8686;-0,012152681;0,021270532;-0,039463077;-0,034634676;-0,02956321;0,03900962;0,61493963;0,13112572;0,56954443;-0,02328788;-0,068452165;0,013236111;-0,07175847;-0,0342314;-0,04297821;-0,12852435;-0,40526333;0,09391969;-0,070882685;-0,7669354;-0,4742284;0,0
175;5,9086;0,0036470406;0,035567503;-0,023238499;-0,05857956;0,003639905;0,035170704;0,6147444;0,13049115;0,5696439;-0,02295222;;0,013916218;-0,07977132;-0,03332141;-0,045179088;-0,11095472;-0,41081682;0,107974045;-0,0773679;-0,803401;-0,50723183;0,0
176;5,9386;0,003165457;0,0047176387;-0,035958845;-0,012297135;0,003957857;0,040847737;0,6145804;0,130012;0,5697801;-0,022120254;-0,06891443;0,014578479;-0,0855822;-0,031731557;-0,047461763;-0,10492579;-0,41692618;0,10431566;-0,07732;-0,8023472;-0,49636078;0,0
177;5,9686;-0,009457406;-0,012175886;-0,020306762;0,020478057;-0,015947765;0,040674932;0,61442506;0,12955566;0,5699198;;-0,06963128;;-0,09051333;-0,03237854;-0,050289564;-0,10262742;-0,42194813;0,09929369;-0,077373445;-0,8035229;-0,4970956;0,0
178;5,9985;-0,0046075354;;-0,019724187;-0,012475307;-0,015569873;0,039214466;0,6143003;0,12910111;0,57001007;-0,02038739;-0,07012919;0,016077159;-0,094328165;-0,0342849;-0,050849654;-0,11168939;-0,42320487;0,10048793;-0,0774394;-0,8294837;-0,49800247;0,0
179;6,0286;-2,8039143e-05;0,005027868;-0,032820713;-0,012610127;-0,0054413234;;0,61419195;0,12859394;0,5700969;-0,019845465;-0,07072287;0,016119009;-0,09700273;-0,03315609;-0,05177322;-0,13538001;-0,42869085;0,10235491;-0,07100784;-0,8187084;-0,51169276;0,0
180;6,0586;-0,0054420596;0,0065044523;-0,028362323;-0,014254248;-0,016830787;;0,61404705;0,1281151;0,5701919;-0,020536069;-0,07143724;0,016210478;-0,097002394;-0,032568183;-0,05333467;-0,15429755;-0,42723915;0,10380659;-0,07119959;-0,822927;-0,5143294;0,0
181;6,0885;0,0016196289;-0,0043245847;-0,00698636;0,005141473;;0,039182335;0,61388665;0,12762311;0,5703254;-0,021758975;-0,07175714;0,016490808;-0,09645717;-0,033012945;-0,05295622;-0,16630013;-0,41755977;0,108584024;-0,071530364;-0,83020395;-0,5086651;0,0
182;6,1186;0,004409615;0,0071002753;-0,016580202;-0,017406173;0,0016745827;0,038789038;0,61379516;0,12729292;0,57036436;-0,023038473;-0,071624994;0,016794603;-0,096304454;-0,032586504;-0,052554734;-0,16895868;-0,40414634;0,12199745;-0,071804725;-0,8444098;-0,5124375;0,0
183;6,1588;0,006951142;0,0171507;-0,023686968;-0,026108574;0,010100501;0,039911292;0,61348444;0,12652284;0,570585;-0,02462928;;0,017312238;-0,096168995;-0,030797197;-0,052041225;-0,168874;-0,3994406;0,13405615;-0,060741495;-0,8379469;-0,48286712;0,0
184;6,1886;0,006555361;0,009569439;-0,019912492;-0,011201056;0,0045783333;0,037048265;0,61331975;0,12603892;0,5707169;-0,025481977;-0,07015253;0,018561589;-0,09298286;-0,031753708;-0,052284777;-0,17584291;-0,39297315;0,14052357;-0,067513295;-0,83169776;-0,4636428;0,0
185;6,2185;-0,0015393819;;-0,014536823;0,004113587;-0,01359579;0,038038902;0,61313987;0,12557451;0,5708645;;-0,06938787;0,01981195;-0,091235034;-0,032204434;-0,052135475;-0,16878037;-0,37990752;0,14133431;-0,06748598;-0,8310969;-0,4377362;0,0
186;6,2487;-0,0105399145;0,0048884726;-0,033831753;-0,011811774;;0,040862717;0,61296767;0,12510861;0,5710051;-0,02687281;-0,06836495;0,020877466;-0,09089957;-0,032716114;-0,051560678;-0,16880868;-0,37668198;0,14455985;-0,060631033;-0,8355167;-0,43028617;0,0
187;6,2886;0,010208948;-0,0016678574;-0,017832823;0,00043244308;0,017905472;0,040916856;0,61269563;0,124516755;0,5712496;-0,027459875;-0,06682496;0,021929732;-0,08875059;;;-0,1829763;-0,3790115;0,13977934;-0,060344025;-0,82920253;-0,43144602;0,0
188;6,3186;-0,0035365566;-0,0006411463;-0,013083431;-0,0040793223;;0,040587097;0,61252725;0,12406128;0,571381;-0,028134342;-0,06619735;0,022321876;-0,086155236;-0,032912515;-0,049170732;-0,19279005;-0,37896103;0,1422808;-0,05352729;-0,8181232;-0,42962766;0,0
189;6,3486;;-0,008652338;-0,01380109;0,014902344;-0,037836485;;0,6123238;0,12363695;0,57152545;-0,02898944;-0,06572344;;-0,08226688;-0,03232732;-0,048598133;-0,2110473;-0,38487157;0,13882124;-0,05320016;-0,83543617;-0,42512962;0,0
190;6,3886;-0,0015681265;0,0058870553;-0,011741305;-0,009749799;-0,0020803604;0,03798038;0,61205965;0,12304033;0,5716844;-0,030794976;-0,06521131;0,022971077;-0,078063786;-0,03405928;-0,045899723;-0,21891928;-0,38889083;0,13480198;-0,052940845;-0,8297312;-0,42156407;0,0
191;6,4286;-0,01274447;0,008680102;-0,015285298;-0,020312045;-0,021251373;0,037602894;0,6117518;0,12245698;0,5719265;-0,03229472;-0,06517631;0,02257027;-0,07486207;-0,03219272;-0,044774365;-0,21230236;-0,38702336;0,14157142;-0,05281402;-0,80243134;-0,41471404;0,0
192;6,4686;0,000364991;-0,0013018713;-0,00718196;0,00088200235;-0,0015647258;0,03557592;0,61145484;0,12185731;0,5721063;-0,033311438;-0,0652482;0,022685433;-0,07281962;-0,032139048;-0,044382386;-0,19837289;-0,386401;0,15199772;-0,048394654;-0,8359242;-0,39479738;0,0
193;6,5086;-0,010983789;0,023775127;-0,00413498;-0,041238204;-0,020379465;0,036677066;0,61116177;0,121271655;0,5723177;-0,033238944;-0,06505877;0,023065118;-0,070102334;-0,031011574;-0,042310722;-0,1968755;-0,36859095;0,18451361;-0,03521721;-0,84013814;-0,38211247;0,0
194;6,5386;-0,025278544;;-0,009032255;0,0009079494;-0,040672153;0,03695404;0,61095095;0,12084348;0,57250434;-0,03285718;-0,06457487;0,024458453;-0,064101905;-0,029978085;-0,0420374;-0,2026908;-0,35512608;0,19307654;-0,024247242;-0,84389687;-0,34871823;0,0
195;6,5686;0,005800049;-0,0005589346;-0,01650017;-0,0022441386;0,008331865;0,036319356;0,61071736;0,12043132;0,57272124;;-0,06323443;0,026402827;-0,05535359;-0,03076057;-0,039280795;-0,21793362;-0,35010988;0,19809276;-0,02457571;-0,85112315;-0,35323465;0,0
196;6,6086;;0,0056163752;-0,0064061605;-0,011267505;-0,043789297;;0,610394;0,119887374;0,57300943;-0,033595387;;0,0286437;-0,045477573;;-0,03836892;-0,2417687;-0,34314275;0,20015791;-0,0248881;-0,85799575;-0,35753;0,0
197;6,6385;;-0,0022143286;-0,014589658;0,007225734;-0,007051822;0,036348347;0,610154;0,11947411;0,5732407;-0,034829073;-0,060560934;0,029929256;-0,040680334;-0,032244444;-0,036617722;-0,24793282;-0,34337267;0,197477;-0,031675667;-0,87660325;-0,35894728;0,0
198;6,6686;-0,026441652;0,011721908;-0,006752359;-0,023835722;-0,047173657;0,035068914;0,609908;0,119055845;0,5734397;-0,03620577;-0,05972359;0,030780436;-0,039024886;-0,03264175;-0,03630005;-0,2581066;-0,34644306;0,18705368;-0,031839326;-0,85569394;-0,3611976;0,0
199;6,6986;-0,00886294;0,007442097;-0,014209566;-0,010281037;-0,018840695;0,03451496;0,60963964;0,118658364;0,57365865;-0,037639927;-0,059125695;0,030797329;-0,03869028;-0,03168278;;-0,25729576;-0,3496049;0,18144085;-0,031862304;-0,85619944;-0,36151353;0,0
200;6,7386;-0,022497233;;-0,019684633;-0,035867717;-0,041909695;0,037738606;0,60931337;0,11812557;0,5738977;-0,03904469;-0,059080195;0,030484866;-0,038320195;;;-0,23936045;-0,35811228;0,1704825;-0,03176795;-0,85412365;-0,36021617;0,0
201;6,7785;0,006389403;-0,005567096;-0,014515556;0,012227269;0,010635399;;0,6089413;0,11760099;0,5741872;-0,039504454;-0,058971565;0,029802384;-0,038036443;-0,030826213;-0,035428587;-0,21566758;-0,3655781;0,15321276;-0,035988167;-0,8816089;-0,3518634;0,0
202;6,8086;-0,014350034;0,013691569;-0,009471663;-0,022319568;-0,024057372;0,036605194;0,6086971;0,11718833;0,5743676;-0,038704656;-0,059479818;;-0,039069466;;-0,035387814;-0,20427522;-0,37009257;0,14134535;-0,042352997;-0,86640644;-0,34746805;0,0
203;6,8386;-0,011128669;-0,0053079585;-0,020148743;0,011951338;-0,01910341;0,035377692;0,60840905;0,1168018;0,5746248;-0,037436556;-0,060078286;0,027394654;-0,042050444;-0,031442024;-0,0349041;-0,20211203;-0,3723172;0,13666974;-0,04221918;-0,8389527;-0,36094674;0,0
204;6,8685;0,002876358;0,005716014;-0,023512982;-0,0035964681;0,0025643606;0,037179027;0,6081922;0,11639704;0,5747715;-0,03636693;-0,060645908;0,026325822;-0,045265205;;-0,034657843;-0,21626034;-0,37169436;0,13484159;-0,048600867;-0,84046096;-0,34657076;0,0
205;6,8986;-0,013564522;0,009713426;-0,0123167485;-0,017567592;-0,02585273;0,034627963;0,60795546;0,11598688;0,5749133;-0,03594916;-0,061056558;0,0251509;-0,04930235;;-0,034313392;-0,22895856;-0,36853367;0,12819834;-0,048464935;-0,8374704;-0,34470168;0,0
